study_hours,sleep_hours,attendance,stress_level,exam_score
4.370861069626263,7.490808570098726,59.25664644193098,5.671736066225963,43.07862304084863
9.556428757689245,6.680481831720602,77.0950473689179,5.312636898667579,70.96356425197675
7.587945476302646,5.547638081431639,93.64729179382041,1.2307785922579213,70.39758501625333
6.387926357773329,8.068975098534743,86.61124432047805,4.071230448635407,66.06107606492803
2.4041677639819286,7.4236558627693965,90.32805739307248,4.421760569072713,45.34106600115339
2.403950683025824,4.813084696724457,82.93916833553587,4.589405028072104,32.26167321490477
1.5227525095137953,8.554635922469213,84.61382822589263,6.221551323045991,40.74271045198221
8.795585311974417,8.112686214615845,92.45978257826596,5.802422920541906,74.66084867620387
6.41003510568888,8.74899956645962,62.483400442959294,6.471145835141002,57.808828057436244
7.372653200164409,7.6285975419418,74.47124818215703,7.883949353879155,57.380986197024896
1.185260448662222,7.0670759796789495,61.06047209098011,8.316871648444842,17.857400783108417
9.72918866945795,6.091215181453094,99.38340039983234,7.46310768603845,73.6381443922607
8.491983767203795,8.663642416770067,97.20296698433066,9.599713263594412,70.16570075019135
2.9110519961044856,8.330319447502042,51.9713405684253,1.1640932440872547,47.049644834302676
2.636424704863906,4.226093350530947,85.27875862578442,2.7620018711519148,37.526132993215164
2.650640588680904,4.13183487248626,96.26241587078329,1.068065874803279,43.7969374208216
3.7381801866358395,5.882316834390248,59.02876725636668,6.827272427391427,31.36396831906733
5.72280788469014,8.052766653909163,78.39726152763147,9.082274940549881,49.22913645491213
4.887505167779041,8.936380646574722,95.77441487940209,3.1913406691866935,65.60739877537006
3.6210622617823773,4.752084455517641,51.69729892928994,9.34331090316676,21.505823808650785
6.506676052501415,6.970653576760675,84.871013362342,1.5424065126060476,67.92184650437866
2.2554447458683766,5.904454283155108,64.86745036862754,9.409924241249628,20.431064560786652
3.629301836816963,8.849571989073016,96.21980976882652,4.16460418515671,56.54283869962281
4.297256589643226,8.210594615678543,98.55291225826838,1.9127874560429485,61.931791370224566
5.104629857953324,8.19164352355569,97.2133244556717,5.372845832676931,55.56478945440315
8.066583652537123,6.343465798974851,73.71071083287319,3.3109891094845714,69.81295831613
2.7970640394252375,6.074097511688326,93.10213254946567,3.5638561176573056,42.23114385317359
5.628109945722504,5.367035359653531,92.22746992675351,3.765609684336579,53.5354255502219
6.331731119758382,4.281877483254636,65.95502366216279,8.22723308049397,41.64196501446233
1.4180537144799796,8.323611881275266,91.44577370753387,5.85245149007729,40.942630676435314
6.467903667112945,8.064505045650389,51.85038173577463,3.8017692924040327,57.26792759690596
2.5347171131856236,8.998588366430653,79.81349392410266,6.493004049798265,42.769401050140026
1.5854643368675156,8.983184185369527,61.50044186438515,7.445356068008742,33.143883477966845
9.539969835279999,6.777158528013137,56.02834428886394,3.453616006601804,73.71597281953487
9.690688297671034,7.8449370759025525,53.84766008146046,4.7219419137281635,73.66678401545302
8.275576133048151,8.723828649412141,84.81443879390699,2.096974840032528,79.58424901402688
3.741523922560336,8.248236953387057,66.9937481884033,2.630344145812123,49.93521137772182
1.8790490260574548,5.236740508715988,86.23833857643808,7.130060685684845,28.26530076644591
7.158097238609412,6.252720676550467,53.26781703994712,2.6329451292606425,57.79204334819539
4.961372443656412,4.645797075757475,65.76451689153052,5.726470453003541,34.6015149508643
2.0983441136030097,8.770255136293612,76.97456461876686,7.381416355501894,38.3076857979608
5.456592191001432,7.030873172254401,89.53615824194819,1.9618923078526946,64.16689718662701
1.3094966900369656,5.143214027517313,65.9376251466035,6.105809976660132,18.227165737653525
9.18388361870904,7.358503422029283,81.29456882185045,3.309065053312274,75.61625060795872
3.3290198344001523,7.090641202289479,94.29888741180935,9.666341877138219,38.68242502896502
6.962700559185838,5.790813590164202,80.79315940911523,5.351910820479323,61.75574474670961
3.8053996848046987,4.567787960998145,61.64797373768169,8.253932947976423,28.593678573952236
5.680612190600297,7.357865977963998,51.220039077826904,5.952038879406356,47.36058306118788
5.920392514089517,6.601538504518967,93.50494369504649,1.3907127956933725,64.96034834941736
2.6636900997297435,7.861591958678197,51.063470542519354,6.698362380346201,36.46894856079115
9.726261649881026,6.6008175055599665,93.73508363420997,9.562630079859913,66.76358897495813
7.976195410250031,8.260907501592701,76.4468567013606,6.414506381316981,65.52567412036592
9.455490474077703,6.759534193872428,96.95338492564481,8.372699734841111,69.23584542308848
9.053446153848839,6.804689857676932,89.93916178868326,8.957858170135669,63.846759143222876
6.381099809299767,8.383268013291726,99.89670552666686,3.0527179475403923,71.17454892861619
9.296868115208051,6.017414331061985,67.53559077258551,2.90840355917404,75.47625152233435
1.7964325184672756,4.670076142253204,88.35941444655634,6.498828899658926,28.31277465532147
2.763845761772307,4.143913381566695,70.0965456804621,4.699256228260342,30.36705862888078
1.4070456001948426,7.775686278368095,73.99378101519544,8.558751725800484,27.45991704968553
3.927972976869379,7.1015477567673235,81.37527316091851,9.1002081105821,35.89276494827505
4.498095607205338,7.520398840496117,93.68385570931693,4.180792413724463,57.19308042622382
3.442141285965063,5.064820807544553,99.20417345996475,3.1318350307703384,45.82665908888564
8.458637582367365,4.681857377933849,88.41367069322591,8.024729637194756,57.61107508271279
4.210779940242304,4.07272332833941,70.8883391083667,3.4732543199332246,46.88944400372636
3.5284105871864266,5.752937794032984,71.06785011385351,8.403528866623105,32.904884424286955
5.884264748424236,6.949588434273165,86.87911507944457,4.813644282838865,56.515041394961486
2.2683180247728636,5.9612202254986615,61.938857288415115,7.0079490936232345,26.744408878385773
8.219772826786357,6.1873746101186455,55.52370565656973,1.8598178245120136,69.34298486497116
1.6709557931179373,8.520793472468743,67.73110788203883,6.614733922089157,34.460453936300894
9.881982429404655,5.741277335116502,64.36194958270409,5.065909108635062,66.49775989500876
7.9502029236699165,6.569947445799054,64.81540602279951,6.279476168579267,61.70344369229853
2.7884411338075514,7.918265063705715,61.680387552495496,2.5121278697037708,43.67253446016847
1.0496990541124216,5.982713911606351,52.104659481818096,7.631863704497639,22.100437045184595
8.339152856093508,7.110433501139367,50.89369673667069,8.765173697889058,57.83555286687096
7.361716094628554,8.311818543733725,99.38611948680158,2.9506582008169806,74.82529980875279
7.561064512368886,8.747603118288211,71.38865668679311,1.8614309996814555,77.165033978175
7.941433120173512,4.7353674046451895,69.21633235798409,1.2127472744170276,65.4667507586207
1.6664018656068134,8.632938125807472,83.9823641346535,6.777743503989394,39.17735687465283
4.226191556898454,6.460581465397691,60.912694393253204,6.463846324799027,40.73701404432688
2.0428215357261674,5.291221941494792,97.49805919751127,5.92027671442663,32.054118603782456
8.767930832880342,6.295678781191306,89.3172507207776,3.087523865043779,73.12799325740866
6.609683141448022,8.900162876427386,54.47055011561297,4.518153963149632,63.666628068507926
3.9780822236738427,6.463090469964348,70.87903878924642,6.350287016675558,40.08536558854734
1.5720251525742128,5.6437580514375405,93.95591537810824,5.470901729732525,31.833482606856293
3.79884089544096,7.167004271583629,97.2366011145705,9.890069681933985,38.2521529923031
3.9266498982407234,5.200728093890966,73.37007556249348,2.227957773010598,46.30073147054094
7.566455605042576,4.37931664054332,80.67056946053539,7.256300986428344,56.716789704579526
6.738017242196918,4.644398609553246,58.35169730460376,4.638868912938629,47.88081784617927
8.98491468318694,4.640229194788862,99.55843130684883,4.853796534330533,69.09779310635551
5.249934326457543,4.759513467561471,61.58358506917217,7.458379890923586,40.75261037779025
2.0763482134447155,4.694135863247051,97.13658870675629,7.231925361919327,29.268332891985906
7.419203085006955,7.204373724016073,82.48233244961843,9.921303943319694,56.26773879286676
7.847065437552077,4.909400421995724,80.38683974394296,2.155548605087127,63.60501213606813
6.051494778125466,5.728336416619316,75.63442555082543,1.936986844457497,59.55200875615067
7.938704619591049,8.483942049530059,61.53349058588793,7.51904935415867,62.03966012539657
5.444160367279517,6.3698082013143615,58.82640160027542,6.205482253057681,47.65600224564011
5.704595464437946,7.337788692605136,61.02431045350877,3.4674459990382527,58.18108559575988
4.847869165226946,4.861599356008149,59.32191310721272,1.7147743209008794,52.43810515783719
1.2287721406968566,4.961445094043354,88.97922367833766,1.770924246367875,36.441458574973275
1.97102284293974,4.204343081332395,67.5062629583365,9.047717871977065,18.52555293957339
1.2828626711806081,4.844675315360822,52.89213382816982,2.726805922468686,26.461922825836773
6.727693701374023,5.392951695159793,98.45513150704056,3.9103440590396867,60.98132919005686
3.82920382968694,4.885052421383734,94.18929424817128,3.039907620042892,47.23618770905776
5.577136220482325,4.443512668785278,96.38761415976064,4.194966752487436,51.51300561546666
9.168098265334837,4.603179355503004,99.74539113232177,1.6248145847148403,76.6864004027571
3.2436300623398746,6.303893840163629,58.69476246097437,5.671538118174434,38.160903159252186
4.693446307320667,5.0316685920289625,69.81210094513294,1.6085130723299341,47.29454622649766
7.799960246887438,5.8213493052403775,87.91192378520456,8.203208570401255,59.91957388865482
3.059183489424602,6.5170863542742845,84.8010309026896,3.103408737193897,48.234795350775734
1.6928191884591368,7.451974143146827,57.69479531699275,5.860107231440596,30.40262591827136
3.6077630762239123,4.196560699205495,90.79165624953089,8.920711788053124,26.70169535451879
2.4509915852860398,7.997051994545213,61.22202859183304,6.8578963214247475,33.55908301139409
9.367278871083158,7.139501947454539,61.19088074113115,5.796620078962018,71.49382528120381
8.273083416079754,4.4087951597443595,76.84872114467068,3.9190037780383804,62.077803107891455
6.700633808593811,8.367893120533886,79.64699674208515,3.9970172175237813,64.54360885335036
8.84314531168946,8.604362002659066,79.00431039189056,7.025382596783711,70.76935960877876
8.23304869209203,4.305389799274319,54.574341869887746,9.947254250990508,46.78301278328875
2.6791305299743224,5.384388240736019,93.87304313151901,6.9565527086444074,35.50378771749741
9.0330309864098,8.031006398965307,63.2800021294353,6.020050756330225,69.39620884383213
5.854080177240856,7.741298451918292,56.47574606414021,7.575854592153215,47.9040874468514
8.266961396476564,4.922605096781886,94.43740399344887,5.186850510553463,63.83288575222368
9.06482169931144,5.046746616683551,97.78257491148767,1.541281083407067,75.09348079309426
3.8620312747467747,5.85236051395691,93.10638086327253,6.0606713429011885,46.59792278139562
1.9904673207490908,6.422614925955107,90.4758037362439,9.618627560548422,27.433446069340032
3.051416462877475,7.09127385765148,82.7620990319511,2.577726481218937,50.362187772945155
4.843970097636307,5.8445681978488615,77.54286853045696,7.210044017385991,45.88467285689243
8.362132893302437,6.31267358066574,54.34933799557051,2.8084031979315083,67.9983682080564
8.74657524930709,7.7373546906687825,70.42266065353493,5.822449160257731,68.52133350329723
1.0625691747807164,4.183416014452989,68.6344258506157,1.8700880468204766,28.657263174417952
5.596725723198092,5.262184721720104,62.98768918801631,5.053338426323666,46.212652553324865
4.7566990283390105,7.566747929422762,86.17100568442925,7.805469960057215,46.29959642527451
2.9989702942365724,8.476034188435996,74.79378675393855,4.128143718150839,47.774142514420085
2.0787883060031453,6.5583872105783305,54.0523107953824,6.984205520384962,24.55307469773767
4.038536542632651,6.660567426326578,61.009160097490565,8.159049647107562,38.43347649434911
9.486187335212673,4.53586005669888,84.16293818297979,9.344600375315075,58.25266913752903
3.908826388186797,6.237061834117274,53.80654297451501,3.111778736699082,43.195387876536316
5.669115595690295,6.663086332275116,92.56034570243844,4.593843242283773,58.22579537428925
7.3271706300566,5.212352518173648,74.75732635069872,2.371744119973757,61.963077787588034
4.272666421413646,5.346216154746905,74.0293288663324,9.932351519425376,33.51653090867523
9.746038744488645,5.886420815523113,79.62038923297588,9.343008711318658,62.67770927972538
9.662025654479,4.100355988888632,91.23404829625746,5.859614172525037,68.88137214817682
3.2660406624282774,5.610395827915891,67.39046039510966,8.578299649387791,26.790924215641915
5.475236553031469,5.057240034982723,83.90080762795318,5.6886217954483795,48.203579963892224
3.707904788350927,5.637486760889573,78.28659819978955,6.612271192024838,41.76261947844816
3.5635644493972087,4.598810659096256,63.35141350847107,1.8021198890441497,38.67963449866958
1.3319825261907952,8.452636403699476,93.9314993177579,7.797433784471272,33.853764195611724
6.486079005819072,6.967962267770243,89.8713010803464,2.1494213527171135,68.03751504235898
5.524111209059753,7.395511595722448,82.92259173292128,8.434608672272756,49.88155539838406
1.463308761249904,7.9458561930366916,92.52908645471209,8.038252789033473,34.28468429678219
3.507818178129503,6.492210994645286,93.36471004799012,7.378702279686788,41.909635585103146
9.174392973699883,4.434601440437119,85.41814883575174,1.325443424722859,74.87795504463895
3.1560570160027517,6.685532709092739,91.85066641818361,3.7281552035079573,48.97010576782523
2.304053848821008,6.934205590104396,84.87357308346418,3.368013129197586,43.38121168657291
5.405074842498067,7.72719737092165,84.00703858801502,4.241227667243672,58.043403399133865
9.870854086995406,6.158297731148397,80.93056891075922,1.7887847208745469,81.78285537123044
3.178497443603504,4.637901513977819,87.63583197788206,9.432620407279565,32.267881210758695
7.049219926652907,5.418879528993623,57.93025526465368,5.9842201664113865,50.85508144758822
7.854576537958458,5.815411481993175,94.04353795994642,3.749718795922212,66.0793285265754
3.1387378959315972,7.229586206658006,93.5921763872616,4.5728336536685505,49.16937740832117
7.553947137506736,6.85389152334456,51.462364151727954,5.024822864543521,58.33347503091872
4.3100481944732785,5.780483629489231,91.29083752823814,6.405349000245556,39.993822273962536
6.690752475342215,8.932576243964899,56.44349337367226,5.6411148492684795,61.95280343910411
6.7017673968480524,7.028874096784436,66.7559427129571,9.274527758929755,48.32693592741762
5.821972156672826,5.186133958679973,87.1754128145804,5.472671346152472,50.97693596540686
1.8126079304896747,4.508912363102018,58.03799480241541,9.929422133409814,15.00249209655591
8.51772246030314,4.7642956959216605,90.8983512059531,8.662824619705862,58.11651975061772
3.8870205847456223,5.229788641922541,91.6067088978871,2.8765946292160223,49.11152500491919
2.678666593598688,4.803406866297778,75.37338668804182,9.375356931795245,23.25654429976496
1.3669762739928752,4.932835120256529,50.31929358584168,2.0472975809692846,28.6288618823159
6.318036488694176,5.425475843469235,64.35190665874563,8.357047376420724,43.50380319761843
7.098079256580542,4.866867976473774,80.84634591878711,4.4256096412892205,58.88667107527802
1.1492904603507053,8.483827123132127,99.05930890137117,8.901768884005627,34.43699265143899
5.608837524693529,4.401168728308211,81.59067635083342,8.812510210967053,38.06993125253566
3.0384619767814414,6.622556947851273,62.99017905320799,8.253328601058591,33.3233235683355
6.806555113685048,6.051984134948308,81.70028515498056,8.110273926763552,51.236310260511075
2.569297861044923,8.911893084543031,76.99926898579278,3.742112251882367,49.11391344880982
7.218439642922194,4.560194510840262,88.99226975755718,1.7282735474612696,64.84926323052333
4.480618116704837,5.989277995228708,55.34903194134792,4.626821608886453,45.863455093297226
9.43056989863061,8.847352166376844,88.05139512510141,2.561720634878578,85.73481178280302
2.2376884973139393,8.327535629469901,77.06332893380551,7.254559800122156,36.3759619692598
4.069597159452327,8.085360354746399,98.14960019294973,4.11489753884007,55.96535261063518
2.021261691165302,5.2895141352246995,67.0936083019343,9.780491807739233,19.226229340740446
9.322242564507064,4.854437936950329,81.6310946566974,6.768748696107988,65.56313197639392
8.896054180428829,7.343216099622155,96.60140527550087,8.40232507270925,65.79292889381911
3.3214746494364005,8.646879945637929,55.12548639953396,2.192722054676636,47.080301416356605
6.939856414307611,6.783814465069649,96.86142436182256,8.758130340453603,54.77114381504592
8.354999801810942,6.858063447349499,84.39428611504067,9.30481471462055,62.5190323288174
5.996807304395161,5.399895468301421,53.39185295525859,5.3835572693704234,49.51620572435478
5.766855205204059,7.847464665959684,65.04817834734081,6.456276439758797,52.264854376774984
3.1766706181040654,4.935218742787617,85.40860443226407,7.883288208126959,31.666510342702054
1.837924910253093,5.618396182021218,53.36753007343859,2.573547645343713,31.711328147555776
9.074941821579941,6.127182193082084,79.10852300881366,5.523094688170982,70.85552751778309
9.103762514469974,6.538051893422275,67.29415284764784,4.587967249950818,67.56115805386348
6.697913115459412,5.212048662075401,81.04577588837385,2.317365929460242,61.17687284774711
4.051268119438307,4.574184123696018,52.28710169062564,4.307809800623783,37.771088964722004
4.142886171513948,7.053100212208163,93.57684030761882,1.6135507844694421,58.364186326658796
7.533601109832154,5.443152766201279,98.67444845886985,1.232307162545383,71.6469024476453
9.073992339573193,6.906191107113061,98.44389276428458,2.2164966023934047,83.34641255240955
8.983777818386056,4.771813576371011,87.48259158714623,9.668036004302564,51.98831154386896
8.018879912718614,6.405700509274087,56.5043120065316,5.945765823055153,60.076582485673164
6.77828481538859,6.662947162757929,87.91315979645113,9.69239945037898,50.76994725749415
1.7572596849554394,4.259117684112135,51.229345822940076,4.892480904971188,18.36329303804633
2.454658426851524,5.6830213909696035,51.106177576449866,3.806345197767336,32.9533066259717
9.086987696743714,4.672073384694871,66.18051095747705,5.555276765562197,64.32402438850012
6.457861536936309,4.3168748523638385,74.43215952023328,4.955605197696191,49.940256721171956
1.0827734645496667,8.949801161949726,88.52037089038966,1.9509821583556952,47.97112976436993
1.913243885794289,5.611769224873615,84.16476883032526,6.767436832211856,32.92416372121092
6.971515921972502,8.049372229273175,72.29513531883742,2.9443436425863965,70.20586498344483
1.0455542546159682,5.273203273818819,63.68133331408329,6.576291594080466,23.910993627934815
2.4472724627574878,7.407513611119646,99.85622500788556,6.85180983158338,42.21078346770051
5.938604104299275,7.801139299448433,71.30906511179865,2.368223678157833,62.77267136368893
7.227056779234239,6.978193703039222,72.56935121648377,1.5521466439960134,65.27551033679926
6.867651335523405,6.357880942750792,58.181191059583455,8.026854274615959,48.50230419229428
3.018423785145038,6.059204570736343,89.74047743749647,5.138203813923882,39.25492730695337
7.409612992127823,5.744341332714976,84.68411128907442,1.523474159549282,72.51284833249599
3.135241787471201,8.64764572123913,61.03848063943802,9.953796854527905,33.567476895040514
3.9285972834334095,8.153097038938647,54.11905228079213,1.5200250489672997,52.13244750577579
7.718422646062217,8.825134553332564,84.02496510373565,7.255317059726979,68.4648465436829
6.846696091424932,4.6214861174277235,82.72556071405677,9.853110327370722,45.02403519022266
8.6430106944476,7.654337376018221,63.662976349910466,3.1526209379433308,75.9955210752496
6.91851603070309,8.69170228410519,97.54317811252051,2.2802443181847654,74.3705352684967
6.114777430019244,4.9061653308283,57.55289458904501,2.09246445480186,53.007248061260896
1.8430729104528323,4.3324813368338875,71.6167400521301,3.72947632810836,27.592262745579028
4.309442227534902,7.705603246450295,97.18079600837994,1.9094122990958202,57.64131045806833
3.386821309135529,6.8723655658995595,70.98636584630611,7.229452075247187,36.0660340803326
3.195906790411752,8.20914388379136,81.92629738320429,1.5606261831705641,53.796899119635746
9.75709499277201,4.698861883131448,69.87971989813971,5.584799153348108,64.8298018371516
4.537879522000844,7.976336559299451,63.7107601174335,9.970271684676792,38.03517398228798
9.02841899659402,5.008136600238723,99.19888239799141,8.325732425554168,60.54218148483256
6.680247633975366,4.818279714328522,70.46670031575215,6.536974944079098,48.709256342597236
8.153301731874835,4.8213289896549645,94.70496018395673,3.756282587079505,63.6494817429094
5.523733837946729,8.07287360115691,61.49773029455431,6.6150625266247465,52.42682292624495
6.192134961637232,7.325986103481,60.655235201254165,5.743373175204865,53.74781331433928
5.432659244369775,6.615327123845597,51.55670414422557,4.834750455013343,44.736014513274235
2.7571868901824006,5.794152420617513,82.58334126879424,2.1763933906617954,42.71385503110007
7.502069037353548,8.386002704065541,68.42631718618806,8.9794379371642,56.89042805069242
3.526951261967702,5.962225537113177,93.21791249198185,5.048061839391902,44.707240761628974
1.2188436978830846,8.082997197357885,73.66049533457786,2.7516026063868857,42.253004827677174
6.80925066316451,6.195674542851092,98.40967139573608,4.309834157895606,59.94519796844035
2.5939961146634403,5.884722147124538,59.27627578515606,4.727167772760343,33.255118784496176
9.464127259176228,6.3133989283480325,93.43115839778054,8.447841060101869,67.73111704914433
9.585357193023286,5.50688937082071,88.82984263958708,7.6025294250526185,68.35104390829167
9.233779511984036,7.738046900881256,88.5460922322026,7.923744042772058,71.67116187993574
4.331428302298999,6.513601950462396,92.23916140584438,1.099281379857825,55.94327822085778
1.1391095487598069,5.161063475734086,88.05119954714993,4.745385983617854,28.660098241862332
9.354867063289529,8.497872866372841,81.31101608157077,5.332097364717913,76.27391068883752
4.8536573348558285,5.919456106866058,56.56224388411938,1.1727304914075103,53.14565706608337
9.699893371393026,6.717764305569943,51.6263089745626,3.3383188787053077,72.34400710852074
9.672579793803276,8.532360554822734,96.04239239078434,7.842608408099215,81.28562366694904
8.677085099206241,7.1211899795699605,80.8325157260369,2.2339873515609914,76.32620224919725
3.6500400286262713,4.5844902035418205,89.82686454880881,5.817791183073325,36.916647763551
4.465879557417328,8.699160618067376,74.0761175756275,2.9368168481551375,54.34104067487834
8.660230043651712,7.138540265357089,55.86540944811972,1.1090869717950396,70.0653996078518
3.852298046406499,5.674528073285431,56.259289610127524,3.1708131183958734,38.02703425111157
2.5254347201748324,4.696360363316936,84.27826436144858,9.782863794190485,24.540433276756684
6.0112113621251515,7.97012594635148,71.51529474497313,8.213834006946907,52.859275631240884
9.425392967447028,7.100363779642567,60.02623633501683,9.636189798889301,57.99854244132334
7.264268170074757,6.667305459881607,74.57972733707184,5.390686395337262,62.24790653491069
6.1305505308042845,8.469462915254788,53.21044685375671,1.9876257880975317,61.76185709097518
1.8745884439369167,7.9429860561226535,79.09857009571994,5.931635400763237,37.45192962964116
6.535065040292528,4.758374398663756,63.449670221754886,5.089396011039648,52.686031676236446
9.91048465093837,5.558610338977742,89.87795503185941,8.599213744656543,68.79909642041494
2.260756137128716,5.242445699072329,65.51809794617868,1.8827432270582012,35.832189622168244
5.664966871273631,7.719731462863384,72.76100745409006,5.394170233196004,53.46550531855373
8.8963576473516,4.167662173678897,50.58102699540503,2.3504379822458583,58.09647338972537
7.66691755978784,6.8494484243565825,53.62234438972794,3.9220833420105397,60.32492862744862
7.273141668957412,7.812293428703453,69.62467782033424,7.636213696490197,58.03283632432849
7.322356755883983,8.383828183808747,73.99694173585618,5.284163164318898,64.01997129507723
4.2354203609777965,5.710408743579537,80.00102740596519,4.382994566311924,45.28003045001218
3.64232659838044,8.106286523360065,64.58312893546517,4.550286507130318,46.500249100732326
8.284250399306622,4.553158684776037,84.74909430632712,5.13502091565388,61.31079311720272
8.291020552112627,8.23226145867259,93.00611985946023,8.065148894533511,67.32280815775901
8.803650867220934,4.637443311659912,88.99254944466749,9.02876220046211,58.00887910302714
9.219164973008242,5.986436452801836,51.980941267417855,9.598012178535354,56.139179418998395
5.60208158974844,7.986476828897768,74.02534736289145,8.082130476297657,48.429848800532795
5.513646652184796,4.749587136743869,55.246508920908745,3.8386620617321148,48.010837091365644
8.184656610700976,5.146256976163207,62.10225079312637,7.193212354778879,54.198903166493494
6.849675376999887,7.611262841965331,99.33312966335733,4.938428116498527,67.10963435645954
7.31770189531933,7.600182682730372,57.12477714507566,3.2920355984144605,65.6463706034871
8.16213402492491,7.205738164426487,74.9444076725678,8.567844214833304,60.74750998527797
9.010048076358096,7.4697422223355,80.90778671590596,1.345837140660925,82.85562337848282
4.041956411663822,6.713622216737981,85.12324852720519,9.115857929218812,39.71783088594012
4.380246573759496,5.258995294534763,77.98243417434571,5.153297181622607,41.743236474744826
1.845837458567821,5.728479967519597,50.48854237095918,6.7348132912745236,23.765716137452888
6.204521268965566,4.9079885840071285,66.3230654121996,6.934185299852045,42.85536216494373
1.3234804641706788,8.542252806668142,75.88558216923558,9.056059666358827,29.526277253540332
5.190382163192141,6.916958973830602,54.39332495724167,6.730027139504866,44.05493846860219
5.883801712368189,6.0042570838181994,67.53134656045904,6.525402262840556,47.47101088516117
3.5788712691545594,6.310029018220663,51.66015543956833,1.5998683650462096,43.69966273537817
6.317499345121097,8.736416698059077,53.928924857751035,5.6656721975068365,53.48748930532396
1.2745022494514449,4.766757015580401,69.8461638100798,2.3515210073533748,28.841523225825714
1.3361336987429298,6.9311491600839865,56.63578770215302,7.6369039184933705,23.7131554796927
8.403405045936925,6.52944339442233,78.3770424130779,5.60999728731407,66.38048210493385
4.241715772701366,7.05727117717324,84.47324845686329,7.12205001287518,42.97559177879694
2.143544613866963,4.090550919104203,90.02933495545415,1.3750561054214585,40.77654628862474
5.700189340493239,8.360619544720757,60.007512212240506,1.7631281444122289,60.32570179382311
7.9299419778874976,8.66059141241806,58.37412911295349,7.4469104925641405,64.35140336520756
2.9423892474715885,6.825665917946045,55.228392016720015,1.6487590239880603,43.79149307030733
6.606014282371002,7.483254119384461,81.82151247718184,1.6413105498873275,67.26906054598251
1.768127184943912,8.612496905886479,85.32378632434506,1.108976277113987,53.07555313823906
1.4651354905174694,7.5361931715669925,51.5793072412821,9.60851258469532,18.645819582641145
5.782191684113332,4.762695214571306,96.81061231218449,7.637575235131062,49.12432440367536
5.865716094490959,6.881441800834066,52.59856418257362,4.179262676518578,54.13525799452053
6.736869113483859,7.03357523191428,77.06481676505352,3.668820231588897,61.519153734841765
7.534822003503954,6.12065335651193,85.45302597254582,4.147329067712646,67.61694774626808
9.782668715162812,7.682221178123614,93.54845618730428,7.971881780630636,74.22584175718659
5.646703134710758,8.671835073845074,85.70434660662139,6.95233549963373,58.06260647570555
3.9066082564712135,8.627842564533882,90.08640415348958,2.6667601108072114,58.62097326258365
8.156675752918332,6.254196857020661,66.97250962714031,2.5669840180067593,67.5378857421271
3.437490261358668,4.566190229203777,90.7412556873256,1.8855608474205758,46.884767983348205
4.950742786350725,8.924205994811672,54.00574231923376,6.942724477312043,50.029008866515724
1.7061074320803935,8.19449043222967,94.74083280302638,7.8793539599956235,32.80640315122866
1.2281566907391177,4.623313406016334,77.37961880768681,3.385417854925036,31.324492209188193
9.663835732101326,8.604209413086862,90.86488849812469,1.1885046492782152,86.60279132476437
8.523821084609853,8.349481810310643,72.615914225915,1.739545007287846,80.77673609327182
7.263767854843282,6.5941902856303605,82.17888475982625,9.710740313605275,55.36911672951736
4.680576499728429,6.9563771787246464,76.32013304680567,3.659002997296782,50.03610178915326
2.559648880637612,5.9950135193506515,86.5794760877666,7.923008330543203,31.431534941797754
2.4079333840397745,4.273808194110156,54.08149910152948,6.621972119688374,20.222037746486613
3.252186083481358,5.675986208229505,53.01760419952819,4.437456756876063,34.58765430767135
5.943039982355084,8.014267242990057,62.355161700507324,2.851185359759996,59.91059469295558
7.431363304300561,4.023160115023014,57.97723400565942,2.092477763434658,58.19610920537309
6.941776390459581,5.667495858455721,93.58917832961009,6.5351167123498,59.97958926112671
3.5194050725134858,5.990843467954717,60.960699367902215,7.971704025740092,34.609655210111754
9.593787525968747,6.686978014689615,98.79326279095656,6.795138281870176,73.07391161520694
7.641072250261916,8.599278082063803,66.84478958855534,5.772719199242425,65.40827126923817
5.989186472602606,5.7317299718298065,59.10589578443496,1.3775610108847265,52.84030302917809
6.5054867161091705,5.734766009481138,89.48492535712396,9.716398998349455,46.58417855072277
4.776400561850109,7.687506240548742,82.9353887750438,8.18842772489117,49.0844471023181
3.229578905510417,6.261089704449036,74.90978582265694,3.6353983303086825,45.87348979190968
4.2037541078613545,5.12302411469991,77.76817754688156,9.819732964229656,29.833314720563667
7.820614994179322,6.262197580663467,85.96008891361319,6.416934306726899,61.06288836385006
1.1295413976678028,4.704285101898999,61.422737066564935,6.241803923865218,19.50869034570071
2.0446537645622462,4.8819349325311165,99.8166958028371,7.732658614865789,29.92741786887964
1.4140237781957747,6.4918388636973985,98.73965810733915,8.305928092811238,28.062503878073137
1.3665592208707311,6.094627247522739,82.51628431734684,6.9083074659835235,28.651441867352382
8.699145256099065,8.5742295053405,59.97712254645725,2.1528617172958002,75.96043717707485
7.332920734420213,5.811969495583165,84.01141212156458,4.044407553950485,62.78507493350595
5.267564461785927,6.902941751390218,53.60992044895879,9.352752762934447,40.15569462303056
1.8805074458590134,7.161321439597652,51.532625110290304,3.0215405065946674,35.162790096578625
5.4245428760514915,4.065472282941668,62.884144425560685,4.34950321453762,42.324181904066215
5.261245937025091,7.317686860083553,73.13114783696582,4.888691946497763,52.88891633192208
2.5588168291901368,4.890179834348757,93.41362527041903,4.95464490725007,36.06133297016996
4.904664843141758,8.805351587347275,86.3584534883154,6.5164562424507295,54.43813513074798
4.586542609576361,4.7433136387655646,87.13532605999904,9.487682539702368,35.09676197143938
6.542650882469948,6.0731206186351185,71.27466672240377,3.1662344064925447,62.05237514076019
6.715842857808794,4.426748340393219,67.29674962734815,2.0935123867082623,57.25362335815921
1.4077360879484007,8.984371259229736,68.55193814923014,2.777234408739436,41.556752393740055
4.371513531638241,6.510975051656213,99.3824781868029,8.982324101883425,44.69624905577505
6.632739241428127,6.976925086600219,52.005459570624126,6.812297313896854,50.20332977376039
5.528226327220789,4.335382386942137,93.35157480612243,3.573161103152441,54.51752082702325
8.7084085706949,7.749802351995889,78.93377042861967,8.343522450717554,66.63044347814717
6.928242684570505,5.049527965477929,71.93077095947953,8.752329967270924,46.45668728863191
2.466409843732867,8.490271447203568,86.26288302075682,8.618629048212503,38.71361591962196
1.6351187266038685,5.025698202410036,74.33344707123514,9.27033880275599,16.436947744847494
6.78177350385684,4.953438603318332,93.67116190408302,3.270169181560254,58.709542409115684
1.2386017948745964,4.182748339240474,95.03509320056293,7.795377358716505,19.769667901975872
6.2719802314611695,6.360334725549996,71.08604634367276,5.14485547546726,54.65428984128328
9.462072172824618,6.824205666313082,63.841389861752575,8.577986976010553,66.86031188236194
6.179267600882911,4.328543197141762,79.61751642966811,7.5564160944545185,49.15523898524968
4.493529335858697,7.877638083475053,95.61816728083454,7.9880270184975215,50.524242551772026
6.789593965981179,6.266444173740139,60.53310945028333,6.905456539129643,52.04470011281259
5.12427601442365,6.6219513466379,81.14832917817414,2.596858925227362,52.92106662890657
5.910551103843415,6.20381373469114,81.57801100462603,5.905242270072445,51.583966784602765
9.473183278988726,6.00381530437663,86.65565112076405,9.862027655720574,61.4088697169687
4.474923740206968,6.79820165654109,56.57838425636299,9.43649259847407,33.970220128480335
9.650715074415228,4.776201229653562,85.79124823410443,1.388563622173105,76.62701382634194
9.148155777604574,4.909640652476355,95.45162603328205,2.483333341564934,73.64917821358421
2.762120213103668,8.308928105067587,58.984155443512094,2.1855589610910573,42.204498926489826
1.624251707876489,8.730577310668163,61.87716624619388,7.53381918986766,33.11660585312546
1.9070020123968399,5.866546581398765,98.56975470208198,8.360067968712507,27.982978757692262
1.1639964308639477,5.353723365717769,59.04884763547449,2.9216022967960473,28.326210913198153
1.8499866468033557,7.219997716195079,92.71925466847895,5.552674236566461,42.49659418266483
7.147060960747211,6.0436708554904826,74.61389282240174,8.5663272521008,49.81767224731341
1.6406978361420608,4.126931778301724,62.36155372015885,7.595213902896255,12.805592408362077
3.8707806726438516,4.780762986830952,93.53749506362557,5.880134849426635,40.071413193823744
8.60387779872509,7.579861144236988,72.26526275013327,6.313129214128956,69.7876858181023
1.209447421622433,7.294619709550757,75.74086769648451,5.57524492224652,35.84547484000949
8.330216343300421,4.135479962517417,67.96166846998828,3.677936061869385,57.83488398540841
3.5366929729605996,5.109860809664747,79.64754257174637,6.085197935731145,37.76555838315727
2.0634834485949063,5.1553739829403575,58.17619362925114,7.199967718450816,22.088221567184096
7.270634488277356,7.359463717993642,69.55407683258804,8.859906242747268,54.41066976778251
6.660485621018956,4.098552688771821,98.47061611676438,6.726622185813232,57.12765171717072
8.897248121743477,4.520542909922869,62.90667163505638,7.850093833388422,51.92307534193012
7.615639394234972,7.999580426865947,82.8368332270646,2.4406447145911567,74.27049479099244
8.231328373463636,4.892723310271668,66.25950321123474,5.154017269778109,59.71406424435479
3.538311153141758,7.263730539259374,88.67365628433004,1.0839845784438396,57.22108213334394
2.5969558940175053,5.190913905233632,56.54368303591749,3.220109780694607,33.6220045385245
7.755532764767725,4.497206963796726,98.49105225392724,7.5381554360170435,57.50728537298836
8.261512653405376,5.21586095499727,72.68947706918196,9.926289562144271,50.85716528672296
9.91454627800606,7.611334659278295,61.8025231673232,1.8926028962849433,81.52028809125015
4.713559092202838,8.27848234053143,53.67483736650063,4.613448842751595,49.224927719410594
4.348162772135049,8.151099322834959,58.48789525437704,8.200638718292435,42.73355722318275
7.987716646677971,5.985917648092274,75.98869742780089,2.8363207116600897,66.68221356781939
4.06723186227716,7.340425682853231,66.85015882156432,5.995764543720576,44.49013982462158
9.376815930432082,5.024921477079105,91.44416829413046,7.597641664267073,64.99386878631971
8.725714766587107,5.465738651305067,71.5443761830903,6.543869052341611,63.499027420329895
4.860946246375165,8.4816790926056,62.435713629381496,2.692222611538745,56.74967856531446
7.757839610123476,4.06500961755368,80.8572493302015,4.198461118171655,55.212689596561646
7.7908858667621415,4.42754265427234,85.33886084427229,8.054126060368574,55.72042034617302
1.9281148195233935,5.039431275730136,58.35209539504749,5.98803862718815,22.641745147715337
9.1229761601161,4.132661019369099,58.380960814415886,1.0470665218862147,66.2873903005009
5.547271352030714,4.907177175448987,51.83357134667715,7.848916840252844,35.935446287243295
8.438117194969674,6.91520780484846,86.82010075328202,1.3178021944621516,80.41350133746748
3.880446409275506,6.107122752962489,83.19022638109026,7.711604044581089,34.66708906436347
9.059709056465804,8.463358555384875,73.7315437874907,2.8223250414871366,86.0657766903275
4.502815108607468,8.087217808692206,92.20852244845986,9.622661321074421,48.08422443478919
1.0975388633226852,5.70908675848938,90.28350764750266,4.31146676171876,32.495200426402896
9.148437787773373,5.297117167156463,79.2677182198376,3.942384547042712,69.49252698898577
1.821580091075202,5.898462040836335,93.41356402566294,2.339992452992002,41.37712262674891
3.873822738313734,6.951474712574038,60.292060501838414,3.750437939411934,45.82331890759327
9.550557703457244,5.340318204114381,55.5959809698864,8.889856856453804,58.40365678259915
9.555464322438006,7.1207445392456705,63.48748057584948,9.967009038645227,63.01424219981338
6.160940993109575,6.047058260956202,52.854342804465745,4.314785774561635,51.06633812269686
6.686534909528193,6.760235904259901,76.5584764000516,5.037495678590883,58.55540934263458
5.036009697804878,6.180632645676583,96.83028461474808,7.498638443824634,47.78817989404747
3.638896945282581,5.472328797709588,51.967177033425486,8.97576202418567,26.663565917150073
3.957980908329244,8.742266534810783,56.105495700501336,6.337399007681057,46.830545464550845
7.052666104693346,7.818028970798804,72.60995141417176,4.523731283600464,65.37905859605829
7.77137076493912,4.700565878832263,96.69375087639524,4.713596567637614,56.98933123186764
8.124211393532637,8.342339879489565,65.80780524883752,7.260563318471262,65.60031257201636
8.106563285150985,6.437155991247568,75.36174043441963,1.0289643724385082,73.24817613094208
1.8208549274382133,8.472761134470456,52.0786429525196,6.576304037138566,31.748261043937422
5.449782742323233,7.999276279736576,57.41716004810444,4.199437093972216,53.554263466324585
1.5180288401497986,6.126067522346167,99.33150614794235,8.147775981493758,31.78732147436048
5.94575994091362,4.112346541600587,98.25593482180227,1.8369157584081894,59.93824770115965
4.973774512360393,5.34338679692473,50.24699904672048,6.2938204025355144,36.81503662120201
8.989337644824698,6.708171073304335,97.59058927116195,5.328756008975113,74.74591185456772
4.158235112968708,7.167391099130736,81.95599689077503,6.780929733147047,43.179375305014084
2.053603147848453,5.2894384271660115,93.39591472600111,1.5836823503467152,38.88891293566923
2.2869251384755227,4.69678037036412,72.73699278169295,6.219854086853181,26.37922273692227
7.85359568545725,8.174651183996495,75.77980142896251,6.053361291635714,68.56595662656234
6.56396256984635,8.92201090351776,74.44232901284602,6.045940849745539,64.28867975361534
1.9101040851051123,6.628450911513429,83.34321287730522,6.431388999368093,34.2679085769853
1.756961255034977,4.858396429241518,56.98256273781564,7.08821143503726,22.030276814084047
7.30872218313208,5.361536632596845,51.4986794936339,8.244900997126928,47.470511292153766
1.6548670572777417,4.0919533827373336,65.39649707955954,3.428386481153929,25.48975869775885
8.396740533613206,8.571494032802494,85.23403813683234,8.425444691620559,68.75794809994676
7.3561800444084655,4.588755414450706,60.09267260614742,5.484301140371082,53.19791775633713
1.7321390257770979,6.882582377571268,83.67162166624587,1.6935245122089806,44.164300230057655
1.7635394267667273,5.37027610343603,98.49560230536352,1.5269583631958128,43.9515559217721
9.87975620651058,6.770890012578967,54.69503578947092,4.008144868264547,74.05077618605702
4.368437161805083,7.257101941759322,83.63010591125632,8.064072794003208,44.914263643631394
4.335779323602019,8.148709018536008,72.18751096522855,7.369128412668242,47.96456951796019
8.315196105317522,5.032106358803016,93.40711271887527,8.09753468205166,59.10561026417028
9.525237196454729,4.054979143292402,58.857489472369295,5.655421507974484,58.4880289882203
9.874009574405838,4.684428150344036,84.63129761130823,4.961790981599415,70.0998759542366
7.780403667330475,8.500093209240525,91.90576448240552,2.3270727403565554,76.63950009052904
4.386336269778242,8.369450387812577,97.23071097370116,3.953734782483804,57.22834859215281
1.7515064502880189,6.987065510851542,84.16240141448229,4.9061742955648775,36.44982313433039
7.994322243346931,7.002584302168267,74.85873820042136,1.797403867116555,70.7714641870907
6.025638247622245,7.325183372731278,80.8923620100607,2.985507574400901,61.69527555023731
4.817998083222786,4.876856393117248,93.44524922393592,6.384027646573649,40.85432481319799
9.157189465852625,8.5720597296248,78.53048733194149,7.620968028152708,72.39287534296628
2.000777340755362,6.093852624460366,51.519352984841845,9.985127602536547,18.621470919777632
5.433625938617732,5.915692641247487,96.54743477534889,9.39801998209202,43.794477345580475
1.1021828029067717,6.594588526414188,84.47633755157806,6.783086795816724,29.942264849323397
5.217945777947136,4.234829833875275,83.82566928886233,4.791232479646649,47.8520275650938
1.5067294811365362,4.8314168437803975,60.78375761988586,6.725596282374094,17.518337167514904
2.0693612464126474,7.690168082131852,82.94427351163286,8.070864562722088,32.33898649820876
2.057736220993944,4.413993339625632,69.69322028270793,2.065025718310486,31.800969044192627
6.842892719044572,7.015760547331941,82.5616488520746,4.689144007266594,60.51598079088268
7.71440391338881,5.226745548406605,55.32965151539953,8.558220570720554,49.860695057666156
6.250318885874437,5.946478070209883,82.89226523015179,4.4544965673973955,56.37283627369179
9.659552936270877,5.443468683853499,99.97068628853333,6.146850441044679,71.79957742591097
4.373835215713337,5.7783635823247455,52.4106019430278,6.289924247759784,33.0988139898134
3.571408776536747,7.595229525921227,98.85870921106587,2.6602862782027543,56.36473780667354
8.817392153705143,5.485608578115875,70.34539803614354,4.260118974870595,63.614111370653916
3.0123625466750736,6.8320232014844855,93.53767251686295,4.01060159867739,46.3640789043793
9.669002854965502,6.380252010995498,89.11927420291367,1.235770376788583,83.39283827073595
1.109390272208347,7.3183558268132405,78.3508130493334,1.217725875022197,43.458046892981045
9.728909440368751,8.68414869662379,86.92246046256633,8.485273393081961,72.49329779982625
1.388439207555185,7.662860486051251,93.92577806506739,3.457637289755312,35.761634217790885
9.02028802328264,5.074701892953784,70.20701608255165,5.662708896149339,63.40923030899359
5.749309981776698,4.1559156753064235,66.35165807816193,3.6885301622989575,50.70859058885894
9.936683165073703,5.311320221499125,83.37966927817924,9.466113206038065,65.83897663930448
1.6641690826185898,6.975389653501274,90.39229709706294,3.3336708297919637,41.077450963974684
5.984688559611887,4.257129067421252,88.11425673883079,4.866911314650416,49.60058634752442
9.72372282057189,6.481831236006181,89.89068244293173,8.854572254361416,69.94734498401614
5.707880597531339,6.984214244584447,71.77916574064665,8.577402101126278,44.74598226787787
6.664587743217362,5.671219454084804,90.89171080875107,2.674912760616496,64.11782925757088
7.261738200861554,7.854561018729109,56.01045276853042,8.223789788161394,55.63782535621166
5.090869582909959,4.532991265668859,77.22445489804248,5.123681980641034,46.371268544880564
6.648022720756571,4.375688908679043,50.28793302490608,5.346719848768197,51.250647315086965
6.258828807307902,7.6409437810180165,66.22929149501351,2.201319751743494,63.8450261094668
9.110422094418901,6.477456581030992,68.32307674356989,1.7254136238141218,74.18034106485823
1.409017423073121,7.4420119821386805,69.80863458046277,7.551453762763886,28.178793827962437
3.528668706330073,6.174136693018731,84.7733603344931,5.468150371197698,38.64597312543155
9.553703356689029,5.2320101661955345,69.42790506351729,4.931656323536616,66.09738938548385
9.012374055018247,8.095511588370998,72.43468113112652,7.5655740578715704,67.88562827446019
5.100910775071417,7.997079394844896,61.87720654371637,7.889616090919988,45.04382439092589
6.581193380213831,7.473482354272134,68.662589581467,2.430173509024182,64.50329460619804
3.496430646830194,5.360725686149813,61.363481363157575,6.492026345298772,31.20813400986998
2.6930904375138516,6.9511533343454355,53.659796188422185,2.2181867404991698,42.856559281940605
5.173285644459839,5.804869484700134,80.17242966906889,7.762375774261411,43.79118519152695
4.180170052234475,4.457910366633171,83.41063992775082,6.912596406404256,37.11291589153631
6.252905006657849,8.586567877311214,80.97451730048073,9.609531589751121,53.344279512790955
1.6996117326848634,4.684093154594807,73.17470219002863,1.6206221472077906,34.254415638516846
9.769553268995498,8.751186769104013,68.98928900896149,1.5134924903612887,87.52239600269453
9.875896700316426,6.230028864789778,93.16668247859127,3.539683672238801,77.88927881577031
